category,description,date,title
CINEMA,La jeune réalisatrice chinoise Xinyuan Zheng Lu signe un premier long-métrage entre spleen et désir.,2021-12-22 09:00:03 +0100,« The Cloud in Her Room » : scènes de la vie décomposée
CINEMA,"D’une drôlerie explosive, le nouveau film du réalisateur, distribué par Netflix, dresse la satire du système politico-médiatique américain en une machine devenue folle.",2021-12-22 10:00:15 +0100,« Don’t Look Up. Déni cosmique » : la comète McKay lancée contre la bouffonnerie de l’humanité
CINEMA,"Aucune nouvelle date n’a été fixée pour les Governors Awards à ce stade. Pour l’instant, l’édition 2022 des Oscars n’est, quant à elle, pas remise en cause et est toujours prévue le 27 mars.",2021-12-22 22:43:21 +0100,"Aux Etats-Unis, la cérémonie des Oscars d’honneur repoussée à cause du variant Omicron"
CINEMA,Des anciennes élèves de l’école que l’acteur américain avait développée à Hollywood avaient dénoncé des comportements inappropriés en 2018.,2021-12-23 22:25:04 +0100,"Accusé de comportement inapproprié par des femmes, l’acteur américain James Franco reconnaît des relations sexuelles"
CINEMA,"Sur fond de maccarthysme, Aaron Sorkin revient sur la genèse de « I Love Lucy », la première série télévisée à avoir fédéré le public américain dans les années 1950. Un film brillant, avec Nicole Kidman et Javier Bardem, à voir sur Prime Video.",2021-12-24 18:30:06 +0100,VoD : « Being the Ricardos » plonge dans les rouages d’une sitcom
CINEMA,"Depuis sa révélation, en 2003, dans « Good Bye, Lenin ! », l’acteur s’est bâti une filmographie aussi riche qu’internationale. Pour sa première réalisation, l’Allemand tient le rôle principal dans une comédie qui lui permet de se moquer de ses propres travers.",2021-12-26 07:00:06 +0100,"Pour « Next Door », Daniel Brühl devant et derrière la caméra"
CINEMA,"Le cinéaste canadien était très apprécié du cinéma pour son approche naturaliste, « transformant des histoires vraies en fictions à succès », décrit « The New York Times ».",2021-12-27 10:42:43 +0100,"Jean-Marc Vallée, le réalisateur de la série « Big Little Lies » et du film « Dallas Buyers Club » est mort"
CINEMA,On doit notamment au cinéaste les longs-métrages « C.R.A.Z.Y. » et « Dallas Buyers Club » ainsi que la série « Big Little Lies ».,2021-12-27 18:27:21 +0100,Le réalisateur québécois Jean-Marc Vallée est mort
CINEMA,"L’héroïne de la saga « Millenium », devenue une « action girl » hollywoodienne, est de retour au naturel, dans un conte fantastique islandais.",2021-12-28 00:36:30 +0100,L’actrice Noomi Rapace retrouve dans le film « Lamb » la liberté des limbes
CINEMA,"Chaque mercredi, les journalistes du service Culture du « Monde » livrent leurs critiques des sorties de la semaine.",2021-12-29 01:02:08 +0100,"« The Card Counter », « Tromperie », « Goodbye Mister Wong »… Les films à voir au cinéma"
CINEMA,Le nouveau film d’animation du Japonais Mamoru Hosoda juxtapose des scènes splendides graphiquement et d’autres d’une grande laideur.,2021-12-29 06:45:08 +0100,« Belle » : le conte de « La Belle et la Bête » relu à l’ère des réseaux sociaux
CINEMA,"Paul Schrader signe un film froid et magnétique dont le héros est un joueur professionnel, redoutable compteur de cartes vivant à l’écart de la société.",2021-12-29 07:30:09 +0100,« The Card Counter » : un samouraï sur le tapis vert
CINEMA,"Le long-métrage de Kiyé Simon Luang navigue en de belles eaux troubles, entre mélo et film manifeste.",2021-12-29 08:00:04 +0100,"« Goodbye Mister Wong » : sur les rives d’un lac, la nouvelle vague du cinéma laotien"
CINEMA,Le premier long-métrage de l’Islandais Valdimar Johannsson met en scène deux éleveurs de brebis confrontés à l’arrivée dans leur vie d’une créature étrange.,2021-12-29 08:00:10 +0100,« Lamb » : un couple monstrueux dans un monde déréglé
CINEMA,Arnaud Desplechin relève avec brio le pari acrobatique de transposer à l’écran et en langue française le roman de Philip Roth.,2021-12-29 09:00:06 +0100,« Tromperie » : une joute déguisée entre esprits et corps
CINEMA,Les sept journalistes cinéma du « Monde » reviennent sur les longs-métrages qui les ont le plus marqués cette année.,2021-12-29 17:38:44 +0100,"« Titane », « Memoria », « Drive My Car », « First Cow »… Les films préférés de nos critiques cinéma en 2021"
CINEMA,"Sur les sept derniers mois de l’année, les seuls comparables en raison de la fermeture des salles, la fréquentation accuse un recul de 23,4 % par rapport à la même période en 2019.",2021-12-30 11:00:20 +0100,Les salles de cinéma ont accueilli 96 millions de spectateurs en 2021
CINEMA,"Le premier long-métrage de l’actrice Maggie Gyllenhaal, primé à la Mostra de Venise, est porté par le jeu d’Olivia Colman.",2021-12-31 18:00:09 +0100,"« The Lost Daughter », sur Netflix : un troublant mal de mère"
CINEMA,"De 1985 à 1992, elle avait interprété la très lunaire Rose Nylund dans la série « Les Craquantes ». Elle aurait eu 100 ans le 17 janvier 2022.",2021-12-31 22:23:01 +0100,L’actrice américaine Betty White est morte à l’âge de 99 ans
CINEMA,"Le cinéaste explique, dans un entretien au « Monde », comment il a imaginé le personnage de son vingt-deuxième long-métrage, un ancien tortionnaire de la prison d’Abou Ghraïb, en Irak, reconverti en joueur de cartes professionnel.",2022-01-01 09:30:08 +0100,"Paul Schrader, réalisateur de « The Card Counter » : « Je viens d’un milieu calviniste où l’on naît coupable »"
CINEMA,"Inspiré des journaux intimes d’Anne Frank et d’Hélène Berr, le premier long-métrage de Sandrine Kiberlain dérange par son désancrage historique excessif.",2022-01-26 09:00:12 +0100,« Une jeune fille qui va bien » : portrait d’une jeune juive dans l’ignorance du destin tragique qui l’attend
CINEMA,"Le documentariste danois Andreas Koefoed revient sur l’attribution contestée au génie italien du « Salvator Mundi », vendu 450 millions de dollars aux enchères, en 2016.",2022-01-26 09:15:09 +0100,"« The Lost Leonardo » : autour de Léonard de Vinci, jeux et enjeux de l’art"
CINEMA,"Fermé en 2018, l’établissement est occupé par le collectif Home Cinéma, qui milite pour préserver l’indépendance du lieu.",2022-01-26 09:42:44 +0100,"Au cinéma La Clef, à Paris, les spectateurs tiennent les murs avant l’expulsion annoncée"
CINEMA,"L’adaptation du roman de Balzac de Xavier Giannoli récolte 15 nominations, suivie par l’opéra-rock de Leos Carax, et le biopic de Valérie Lemercier consacré à Céline Dion.",2022-01-26 12:43:53 +0100,"Césars 2022 : « Illusions perdues », « Annette » et « Aline » en tête des nominations"
CINEMA,"Plus de deux décennies après la sortie du film culte de David Fincher, sa mise en ligne sur la plate-forme chinoise Tencent Video, ce week-end, a suscité la colère des fans : sa chute a été remplacée par un message réécrivant complètement le scénario.",2022-01-26 17:16:13 +0100,« Fight Club » censuré en Chine
CINEMA,Le réalisateur aux penchants dadaïstes livre un film désinvolte où s’enchaînent coups de colère ineptes et bons mots laborieux.,2022-01-26 17:20:20 +0100,« Adieu Paris » : Edouard Baer réunit huit vieilles gloires du cinéma à La Closerie des Lilas
CINEMA,"Les proches de l’acteur, mort des suites d’un accident de ski, se sont rassemblés, jeudi, en l’église Saint-Eustache.",2022-01-27 12:32:26 +0100,"Obsèques de Gaspard Ulliel : un dernier hommage à l’acteur, mort à 37 ans"
CINEMA,"Dans le cadre du festival Hors Pistes, l’institution parisienne met à l’honneur l’œuvre du réalisateur italien, dont « Médée Miracle », jusqu’au samedi 29 janvier.",2022-01-27 14:00:16 +0100,"Rétrospective : à Pompidou, Tonino De Bernardi, cinéaste et poète retrouvé"
CINEMA,"La cérémonie qui réunissait, jeudi 27 janvier, dans la basilique parisienne, le gotha du cinéma, a aussi attiré sur le parvis une foule de fans venus lui rendre hommage.",2022-01-28 07:30:09 +0100,Une dernière ovation pour Gaspard Ulliel à l’église Saint-Eustache
CINEMA,"La série « Otoko wa tsuraiyo », du cinéaste Yoji Yamada avec Tora-san, personnage truculent et touchant, fait l’objet d’une rétrospective.",2022-01-28 07:45:02 +0100,"« Monsieur Tigre », figure populaire du cinéma nippon, à la Maison de la culture du Japon"
CINEMA,"L’émission « Le Monde Campus Le Mag » fait étape au Mans. Dans la troisième partie de l’émission, nous rencontrons des jeunes qui ont réussi à transformer leurs passions en métier.",2022-01-28 18:00:11 +0100,"Quand une passion devient un métier, ils l’ont fait"
CINEMA,"Le cinéaste explique la démarche qu’il a suivie pour son premier long-métrage, qui propulse un comédien dans le jeu des dernières élections municipales, en 2020, à Revin (Ardennes).",2022-01-29 12:00:08 +0100,"Thomas Paulot, réalisateur de « Municipale » : « Se servir de l’outil de la fiction pour générer du documentaire »"
CINEMA,"Dana Renga, spécialiste du cinéma italien et des films sur le crime organisé, décrypte, dans un entretien au « Monde », la façon dont une réalité sordide est transformée à l’écran en produit culturel de masse, allant jusqu’à influencer les comportements de personnages réels.",2022-01-30 00:55:24 +0100,« Même les véritables mafieux s’inspirent du mythe du “Parrain” et de “Scarface” »
CINEMA,"Le film-essai en quatre parties de Raoul Peck relie toutes les tentatives des Européens visant à soumettre le reste du monde, des croisades aux guerres du XXIe siècle.",2022-01-31 00:31:12 +0100,"« Exterminez toutes ces brutes », sur Arte : une fresque entre cauchemar et compassion"
CINEMA,"Après « I Am Not Your Negro » (2016), le cinéaste haïtien propose une fresque en quatre épisodes, diffusée sur Arte, qui cerne l’histoire et l’emprise du suprémacisme blanc sur la planète.",2022-01-31 14:00:10 +0100,"Raoul Peck, réalisateur d’« Exterminez toutes ces brutes » : « Déconstruire plus de sept siècles d’histoire eurocentrée »"
CINEMA,"Dans l’adaptation du deuxième roman de l’auteur, Antoine Garceau et Gilles Taurand s’attachent aux personnages plus qu’aux thématiques, en mettant en scène deux solitudes irrémédiables.",2022-01-31 18:00:12 +0100,"« Les Particules élémentaires », sur France 2 : un requiem pour la masculinité d’après Michel Houellebecq"
CINEMA,"Le réalisateur indépendant continue de raconter l’Amérique des laissés-pour-compte. Après « Tangerine » et « The Florida Project », il sort « Red Rocket », en salle le 2 février, centré sur la figure excentrique d’une ancienne star du porno de retour dans sa ville natale du Texas.",2022-02-01 00:18:16 +0100,"« Red Rocket » : Sean Baker, cinéaste de la marge et des petits budgets"
CINEMA,"A l’affiche du film « Les Jeunes Amants » et de la saison 2 d’« Ovni(s) », le comédien se souvient de l’essayage d’une prothèse de poitrine pour son rôle de femme transgenre dans « Lawrence Anyways », le long-métrage de Xavier Dolan. Une sensation qu’il n’a pas oubliée.",2022-02-01 06:00:22 +0100,Melvil Poupaud : « Je remarque à quel point cette question de l’identité de genre traverse les générations »
CINEMA,"Nombre de films de la compétition nationale combattent la morosité ambiante, pariant sur le burlesque et la tendresse.",2022-02-01 16:00:16 +0100,"Festival de Clermont-Ferrand : les courts-métrages, cartes postales de la France de 2022"
CINEMA,"Le réalisateur français Ladj Ly a ouvert un centre de formation dans la capitale sénégalaise, devenue incontournable dans la production audiovisuelle en Afrique.",2022-02-01 17:00:14 +0100,"Cinéma : à Dakar, l’école Kourtrajmé veut « casser les codes »"
CINEMA,"Le documentaire, spectaculaire, dévoile sur plusieurs saisons la vie animale autour d’un arbre vieux de deux cent dix ans en Sologne.",2022-02-23 12:30:09 +0100,« Le Chêne » : un roi de la forêt peuplé d’habitants
CINEMA,Le réalisateur Frédéric Videau signe un étrange polar autour de la disparition d’un policier au bout du rouleau.,2022-02-23 12:45:16 +0100,« Selon la police » : un film noir sur un métier déconsidéré
CINEMA,Patrice Leconte réussit avec sobriété cette nouvelle adaptation du célèbre héros de Georges Simenon.,2022-02-23 13:00:11 +0100,« Maigret » : Gérard Depardieu au miroir d’un Maigret vieillissant
CINEMA,"Le deuxième long-métrage de la réalisatrice russe Kira Kovalenko, récompensé à Cannes, suit le chemin d’une jeune femme pour fuir la prison familiale.",2022-02-23 13:15:02 +0100,« Les Poings desserrés » : une si lourde étreinte
CINEMA,La cinéaste russe raconte les conditions de tournage particulières de son deuxième long-métrage.,2022-02-23 13:15:05 +0100,"Kira Kovalenko, réalisatrice des « Poings desserrés » : « Dans le Caucase, beaucoup de femmes n’ont pas leur mot à dire »"
CINEMA,Le nouveau film du grand cinéaste arménien montre la faiblesse de l’homme face aux désastres climatiques.,2022-02-23 13:30:05 +0100,« La Nature » : la possibilité du chaos selon Artavazd Pelechian
CINEMA,"Pour son premier long métrage, Jérémie Elkaïm adapte « Calais mon amour », roman autobiographique sur la rencontre entre une veuve et un migrant iranien.",2022-02-23 13:45:11 +0100,« Ils sont vivants » : la dynamique des corps empêchés
CINEMA,"Sélectionné à la Quinzaine des réalisateurs, ce western pirate révèle le talent de conteurs d’Alessio Rigo de Righi et de Matteo Zoppis.",2022-02-23 13:45:16 +0100,« La Légende du roi crabe » : un fabuleux panier à fictions
CINEMA,"En transposant à l’écran la bande dessinée à succès de Fabcaro, le réalisateur François Desagnat signe une comédie qui peine à trouver sa propre folie.",2022-02-23 14:00:05 +0100,« Zaï Zaï Zaï Zaï » : une adaptation un peu trop fidèle
CINEMA,"En narrant son conte moderne, où se croisent mauvais sort et rencontre impossible, Alexandre Koberidze signe un pacte magique avec le spectateur.",2022-02-23 14:00:10 +0100,« Sous le ciel de Koutaïssi » : les petits riens de l’amour suspendu
CINEMA,"Le film de Maria de Medeiros séduit par la force de son scénario, reliant les années de dictature à l’époque contemporaine.",2022-02-23 14:15:07 +0100,« A nos enfants » : un mélo tragique et léger dans le Brésil de Bolsonaro
CINEMA,"La grand-messe du cinéma français qui se tient vendredi célèbre l’actrice australienne, récompensée pour l’ensemble de sa carrière.",2022-02-25 01:08:21 +0100,"Aux Césars, Cate Blanchett sous toutes ses facettes"
CINEMA,Valérie Lemercier a été sacrée meilleure actrice pour son rôle dans « Aline » et Benoît Magimel meilleur acteur pour son rôle dans « De son vivant ». Le prix de la meilleure réalisation a été attribuée à Leos Carax pour « Annette ».,2022-02-25 17:10:53 +0100,César 2022 : suivez en direct la cérémonie
CINEMA,"Laetitia Ivanez, créatrice de la marque de mode Les Prairies de Paris, a demandé au vidéaste Noé Grenier de créer une vidéo à partir de l’œuvre du réalisateur. Chaque nuit, « Extérieur Nuit » défile en boucle sur la vitrine de sa boutique du 6e arrondissement.",2022-02-25 19:30:06 +0100,Jacques Demy remixé dans un film sur rue
CINEMA,"« Annette », le film de Leos Carax, remporte de son côté cinq récompenses, dont celle de la meilleure réalisation, au terme de cette cérémonie marquée par les hommages à Gaspard Ulliel et Jean-Paul Belmondo.",2022-02-26 02:21:09 +0100,César 2022 : retrouvez le palmarès
CINEMA,"La réalisatrice et actrice de 57 ans trace depuis trois décennies son sillon singulier au cœur du septième art hexagonal. Son mélange de force, de fantaisie et de fragilité explose à l’écran dans « Viens je t’emmène », d’Alain Guiraudie, en salle le 2 mars.",2022-02-26 03:00:10 +0100,"Noémie Lvovsky, tout jeu, tout flamme"
CINEMA,"La 47e cérémonie a récompensé le film de Xavier Giannoli, comme l’avait pronostiqué le sondage des patrons de salles.",2022-02-26 09:45:46 +0100,César 2022 : le triomphe d’« Illusions perdues »
CINEMA,"Confiant sur un rebond de l’industrie du film après la pandémie de Covid-19, le patron de la MPA se déclare « agnostique vis-à-vis des écrans », les films ayant leur place au cinéma autant que sur les plates-formes.",2022-02-27 10:00:07 +0100,"Charles Rivkin, président de la Motion Picture Association : « Le public revient au cinéma »"
CINEMA,"Tourné par le photographe Bert Stern au festival de jazz de Newport en 1958, le film est réédité en Blu-ray.",2022-02-27 16:00:12 +0100,"DVD : « Jazz on a Summer’s Day », l’ancêtre séduisant de tous les films de concert"
CINEMA,"L’acteur est à l’affiche des « Promesses », avec Isabelle Huppert, un long-métrage qui explore les ressorts de la politique, en pleine campagne présidentielle. Sans se targuer d’être un spécialiste, il évoque volontiers son rapport au vin, fait de souvenirs et de coups de cœur.",2022-02-27 19:00:15 +0100,"Reda Kateb : « Le vin est comme un océan et moi, je reste dans un petit coin en baignade surveillée »"
CINEMA,"Auteur du très remarqué « Eureka », en 2000, ce réalisateur hétérodoxe, qui fit partie de la nouvelle génération nippone indépendante des années 1960, est mort le 21 mars, à l’âge de 57 ans, à Tokyo.",2022-03-28 14:27:16 +0200,Mort du cinéaste japonais Shinji Aoyama
CINEMA,"Avec 340 films agréés par le Centre national du cinéma et de l’image animée en 2021, contre 237 en 2020, le nombre de longs-métrages produits est reparti à la hausse en France, et se caractérise par un très haut niveau d’investissements.",2022-03-28 17:55:23 +0200,L’année 2021 signe la reprise de la production cinématographique en France
CINEMA,"L’Académie des Oscars a condamné, lundi, l’incident et annoncé avoir ouvert une « enquête », après que l’acteur a frappé l’humoriste qui avait fait une blague sur sa femme.",2022-03-29 02:13:46 +0200,Will Smith présente ses excuses à Chris Rock pour l’avoir giflé en direct lors de la cérémonie des Oscars
CINEMA,"Depuis leur expulsion le 1er mars, les cinéphiles militants qui occupaient la dernière salle associative de la capitale cherchent des fonds pour acheter les murs.",2022-03-29 09:31:56 +0200,"A Paris, les rebelles de La Clef espèrent plus que jamais s’offrir leur cinéma"
CINEMA,"Chaque mercredi, les journalistes de la rubrique cinéma du « Monde » proposent aux lecteurs de « La Matinale » leurs critiques des films à découvrir en salle.",2022-03-30 00:05:03 +0200,"« Retour à Reims (Fragments) », « Le Grand Mouvement », « En corps »… Les films à l’affiche cette semaine"
CINEMA,Joe Wright parvient à insuffler de la vie et de la réflexion à cette reprise de la pièce d’Edmond Rostand en comédie musicale.,2022-03-30 12:15:03 +0200,"« Cyrano » : Avec un gros nez ou une petite taille, chacun rêve d’un amour outre mesure"
CINEMA,"Réalisé à partir d’images d’archives, le film de Jean-Gabriel Périot, adapté du livre de Didier Eribon, donne corps à une « multitude » oubliée de l’histoire.",2022-03-30 12:30:07 +0200,« Retour à Reims (Fragments) » : Une ode cinématographique à la classe ouvrière
CINEMA,"La réalisatrice Yukiko Sode évoque, dans son troisième long-métrage, la question de la reproduction sociale au Japon et son poids sur les existences.",2022-03-30 13:00:11 +0200,« Aristocrats » : le vague à l’âme de l’hyperclasse tokyoïte
CINEMA,"Léa Drucker incarne une présidente de la République contrainte de briguer un second mandat dans le film de Diastème, chargé en dramaturgie.",2022-03-30 13:00:31 +0200,« Le Monde d’hier » : une candidature à l’Elysée sous la menace de l’extrême droite
CINEMA,Kiro Russo offre une plongée fascinante dans la cité bolivienne en suivant le parcours d’un ouvrier malade des poumons.,2022-03-30 13:30:10 +0200,"« Le Grand Mouvement » : sur les hauteurs de La Paz, un mineur emporté par la foule"
CINEMA,"Le cinéaste témoigne de sa passion pour le ballet dans son nouveau long-métrage conçu autour de Marion Barbeau, première danseuse à l’Opéra de Paris.",2022-03-30 14:45:17 +0200,« En corps » : Cédric Klapisch entre dans la danse
CINEMA,Le film de Daniel Espinosa se distingue par ses réminiscences d’œuvres classiques et par sa beauté plastique.,2022-03-30 15:15:13 +0200,« Morbius » : un super-héros dans les pas de Dracula
CINEMA,"Réalisé en 1952, le film de Renato Castellani obtint la Palme d’or au Festival de Cannes, ex aequo avec « Othello », d’Orson Welles.",2022-03-30 16:00:14 +0200,« Deux sous d’espoir » : un regard pittoresque sur la misère calabraise
CINEMA,"Le réalisateur hongrois est l’invité d’honneur du festival Toute la mémoire du monde, qui se tient jusqu’au 3 avril, à Paris.",2022-03-30 16:00:17 +0200,"Béla Tarr, figure de la mélancolie, honoré à La Cinémathèque"
CINEMA,"Lorsque l’acteur est monté sur la scène de la cérémonie des Oscars pour administrer un soufflet à l’humoriste Chris Rock, certains ont cru à un sketch préparé à l’avance. Alors que toute notre société se théâtralise, Will Smith a-t-il fini par se prendre à son propre jeu ?",2022-03-30 19:31:51 +0200,"La gifle de Will Smith, quand la réalité dépasse la fiction"
CINEMA,"L’acteur de films d’action souffre d’aphasie, selon sa famille.",2022-03-30 20:12:18 +0200,Bruce Willis met fin à sa carrière en raison de problèmes de santé
CINEMA,"L’Académie des arts et sciences du cinéma, qui remet les prestigieuses statuettes, a présenté ses excuses dans un communiqué pour sa mauvaise gestion de l’événement. Une procédure disciplinaire a été ouverte à l’encontre de l’acteur.",2022-03-31 01:59:39 +0200,"Oscars : l’Académie annonce avoir demandé de quitter la cérémonie à Will Smith, qui a refusé"
CINEMA,"Le cinéma est une arme et le combat actuel se livre, aussi, par écrans interposés. Les réalisateurs en ont bien conscience qui, depuis le début de l’invasion, ferraillent sur les réseaux sociaux pour réclamer le boycott des films russes.",2022-03-31 03:13:07 +0200,Les réalisateurs ukrainiens mènent la guerre sur les écrans
CINEMA,"Même scène, mêmes techniques, mêmes secrets : beaucoup d’éléments rapprochent ces deux univers.",2022-04-01 13:30:06 +0200,Cinéma et politique : deux genres plus proches qu’il n’y paraît
CINEMA,"L’actrice française, qui pratique aussi le dessin et la peinture, est exposée à partir du 2 avril à la chapelle du Méjan, à Arles, et fait l’objet d’une monographie, dont certains textes sont signés du commissaire d’exposition Louis Deledicq. Le même qu’Anouk Grinberg a photographié il y a quinze ans.",2022-04-01 18:00:07 +0200,"Anouk Grinberg, comédienne : « Louis Deledicq m’a dit des choses sur la pulsion de peindre qui sont devenues fondatrices »"
CINEMA,"Dans un entretien au « Monde », l’Espagnol raconte la fabrication de son film, entre cinéma direct et fiction, tourné pendant cinq ans avec des adolescents.",2022-04-23 15:30:10 +0200,"Jonas Trueba, réalisateur de « Qui à part nous » : « On tâtonnait ensemble pour aller vers le possible »"
CINEMA,"La comédie d’Ali Boughéraba et Hakim Boughéraba, adaptée de la websérie à succès, aligne les clichés et met mal à l’aise.",2022-04-25 15:36:07 +0200,« Les Segpa » : basiques instincts sur les enfants en échec scolaire
CINEMA,La dissolution du fonds de développement de l’industrie cinématographique porte un coup très dur au septième art algérien.,2022-04-25 18:00:18 +0200,"En Algérie, les professionnels du cinéma se disent « au bord de l’asphyxie »"
CINEMA,"L’acteur français devra notamment choisir, avec son jury, la Palme d’or parmi les vingt et un films en compétition.",2022-04-26 19:09:23 +0200,Vincent Lindon sera le président du jury du Festival de Cannes
CINEMA,"L’acteur français a été choisi pour la 75e édition de la compétition cinématographique, qui aura lieu du 17 au 28 mai. Il succède à l’Américain Spike Lee, qui avait tenu ce rôle en 2021.",2022-04-26 20:40:56 +0200,"Au Festival de Cannes, Vincent Lindon présidera un jury parfaitement paritaire"
CINEMA,"Chaque mercredi, les journalistes de la rubrique cinéma du « Monde » proposent aux lecteurs de « La Matinale » leurs critiques des films à découvrir en salle.",2022-04-27 00:30:01 +0200,"« Ma famille afghane », « Sentinelle sud », « Hit the Road »… Les films à voir au cinéma cette semaine"
CINEMA,Elisabeth Vogler tourne son film en un seul long plan-séquence au risque que le « défi technique » prenne le pas sur la fiction.,2022-04-27 12:15:07 +0200,« Années 20 » : portrait de groupe parisien d’après confinement
CINEMA,Un pamphlet contre la misogynie mené à 100 à l’heure par la cinéaste et actrice québécoise.,2022-04-27 12:30:07 +0200,« Babysitter » : la réalisatrice Monia Chokri règle son compte au machisme
CINEMA,"Librement inspiré d’un fait divers ayant eu lieu en 1997 à Vitrolles (Bouches-du-Rhône), le film de Paul Vecchiali pèche par son anachronisme.",2022-04-27 12:45:08 +0200,« Pas… de quartier » : une mairie vent debout contre un cabaret de travestis
CINEMA,Le film d’animation de Michaela Pavlatova évoque avec finesse les déchirements d’une jeune femme tchèque qui choisit d’épouser un Kabouli et son mode de vie.,2022-04-27 13:00:09 +0200,« Ma famille afghane » : une Européenne plongée dans le chaudron afghan
CINEMA,"Le réalisateur Panah Panahi signe un road-movie faussement léger, sur l’exil d’un jeune homme.",2022-04-27 13:30:14 +0200,"« Hit the Road » : depuis l’Iran, un aller simple vers la Turquie"
CINEMA,Une virée à travers la ville américaine au son du rap sous codéine.,2022-04-27 14:45:10 +0200,"« Ghost Song » : Houston, entre chien et loup"
CINEMA,Le premier long-métrage de Mathieu Gérault croise polar noir et fiction de guerre post-traumatique.,2022-04-27 14:45:13 +0200,"« Sentinelle sud » : le difficile retour à la vie civile, après l’Afghanistan"
CINEMA,"Le cinéaste britannique ne parvient pas à tirer parti de l’extraordinaire histoire de contre-espionnage dont il s’inspire, liée au débarquement allié en Sicile en 1943.",2022-04-27 16:00:04 +0200,« La Ruse » : une des plus belles feintes de la guerre clandestine échappe à John Madden
CINEMA,"Le président de la République, Emmanuel Macron, précédé par les comédiens Fabrice Luchini, Muriel Robin et Pierre Arditi, a honoré, mercredi 27 avril, la mémoire de l’acteur, mort le 13 avril à l’âge de 96 ans.",2022-04-27 21:55:48 +0200,"Emotion et respect pour l’hommage national à Michel Bouquet aux Invalides, à Paris"
CINEMA,"John Fithian, président de l’Association nationale des propriétaires de salles de spectacle américains, tente de convaincre Netflix que son avenir passe par les salles obscures.",2022-04-28 21:08:53 +0200,Les cinémas américains font de l’œil à Netflix
CINEMA,"La comédienne, au casting de la saison 2 d’« En thérapie » et du film « Les Passagers de la nuit », est l’invitée du podcast « Le Goût de M », en accès libre dès le vendredi.",2022-04-29 12:00:06 +0200,Charlotte Gainsbourg : « J’ai la culture du snob parce que je viens de là mais je n’en fais pas un critère. Je juge et j’oublie »
CINEMA,Le réalisateur Fabien Béziat et le comédien explorent la vie et l’œuvre d’un des artistes français les plus importants et mystérieux.,2022-04-29 20:00:08 +0200,"« Les Trésors de Marcel Pagnol », sur France 5 : le mythe raconté par Fabrice Luchini"
CINEMA,"Chaque semaine, « L’Epoque » paie son coup. Pour le fils d’Alain et Nathalie Delon, ce sera une verveine, aux vertus aussi apaisantes que le livre de souvenirs qu’il vient de publier sur son enfance tout sauf glamour, entre son « ogre » de père et sa mère absente.",2022-04-30 00:40:16 +0200,Un apéro avec Anthony Delon : « J’ai arrêté d’avoir peur de mon père à 17 ans »
CINEMA,"Dans un entretien au « Monde », la cinéaste explique s’être employée à éviter toute forme de manichéisme.",2022-04-30 10:30:06 +0200,"Michaela Pavlatova, réalisatrice de « Ma famille afghane » : « Je n’aime pas la simplification des personnages en animation »"
CINEMA,"En suivant une sculptrice quelques jours avant l’ouverture de son exposition, la réalisatrice américaine interroge, par le biais de l’intime et l’infime, le statut de l’artiste et les tourments de la création.",2022-05-27 17:00:36 +0200,"Cannes 2022 : « Showing Up », l’art et la matière de Kelly Reichardt"
CINEMA,"Fresque familiale sur une mère venue en France de Côte d’Ivoire, le second long-métrage de Léonor Serraille touche par son humanité et son exaltation de l’émancipation individuelle.",2022-05-27 20:06:48 +0200,"Cannes 2022 : « Un petit frère », le long chemin de Rose et des siens"
CINEMA,Le premier film du Pakistanais Saim Sadiq scelle l’amour d’une artiste transsexuelle et d’un fils de famille. Il a reçu la Queer Palm et le prix du jury Un certain regard au Festival de Cannes.,2022-05-28 08:15:14 +0200,"Festival de Cannes : « Joyland », le patriarcat supplanté par l’amour, à Lahore"
CINEMA,"La comédienne, qui a grandi en Martinique, porte « Un petit frère », le second long-métrage de Léonor Séraille, et enchaîne les premiers rôles.",2022-05-28 10:30:05 +0200,"Festival de Cannes : Annabelle Lengronne, forte de France"
CINEMA,"Pour sa dernière sélection au Festival, le programmateur Paolo Moretti a su mêler une nouvelle génération libre et aventureuse à des auteurs identifiés.",2022-05-28 11:38:59 +0200,Cannes 2022 : la Quinzaine des réalisateurs en grande forme esthétique
CINEMA,"Fait de collages d’images médicales, le documentaire de Verena Paravel et Lucien Castaing-Taylor ouvre des perspectives esthétiques et anthropologiques.",2022-05-28 12:14:49 +0200,"Festival de Cannes : « De Humani Corporis Fabrica », images sous la peau et veine expérimentale"
CINEMA,"En 1990, le réalisateur Martin Scorsese avait offert au comédien américain le rôle de sa vie. Il y jouait un petit gangster sans envergure fasciné par les personnages incarnés par Robert De Niro et Joe Pesci. Il est mort le 26 mai, à l’âge de 67 ans.",2022-05-28 15:17:04 +0200,"La mort de Ray Liotta, acteur inoubliable des « Affranchis »"
CINEMA,"Pour « Le Monde », le photographe est passé de terrasses en chambres d’hôtels afin de saisir les acteurs et réalisateurs venus célébrer le septième art dans le Palais des festivals.",2022-05-28 15:34:08 +0200,Le Festival de Cannes vu par le photographe Audoin Desforges
CINEMA,"Il s’agit de la deuxième Palme pour le réalisateur suédois, déjà récompensé en 2017 pour « The Square ».",2022-05-28 18:30:12 +0200,"Cannes 2022, en direct : la Palme d’Or attribuée à Ruben Östlund pour « Triangle of sadness », Claire Denis et Lukas Dhont partagent le Grand prix"
CINEMA,"Cinq ans après « The Square », le réalisateur suédois triomphe de nouveau sur la croisette avec sa satire des super-riches et du luxe. Le Grand Prix a, lui, été attribué, ex æquo, à « Close », du Belge Lukas Dhont et à « Des étoiles à midi », de Claire Denis.",2022-05-29 04:43:28 +0200,"Cannes 2022 : avec « Triangle of sadness », de Ruben  Östlund, la Palme d’or récompense une critique acide des super-riches"
CINEMA,"Refuge dans le passé, amours empêchés et métaphores autour de la création artistique sont trois grands thèmes qui ont traversé les films présentés sur la Croisette. Comme pour mieux brosser le tableau d’une époque empreinte d’une grande inquiétude.",2022-05-29 11:05:36 +0200,Cannes 2022 : un palmarès brouillon pour clore une compétition officielle ouverte sur les maux du monde
CINEMA,"La section parallèle centrée sur le cinéma d’auteur et de découverte a également attribué le Prix du jury à « Joyland », premier long-métrage du Pakistanais Saim Sadiq.",2022-05-30 10:02:15 +0200,"Cannes 2022 : « Les Pires », de Lise Akoka et Romane Guéret, récompensé par Un certain regard"
CINEMA,"Les critiques ciblent notamment le partenariat avec le joaillier Chopard, dont la codirectrice s’est longtemps affichée avec des proches de Vladimir Poutine.",2022-05-30 17:18:09 +0200,Les Ukrainiens dénoncent l’ombre russe sur le Festival de Cannes
CINEMA,"A l’instar des festivals de musique, des cinémas, théâtres et musées lancent des initiatives pour améliorer l’offre culinaire associée au plaisir de la découverte artistique.",2022-05-30 18:00:16 +0200,"Mieux manger, le nouveau défi des lieux culturels"
CINEMA,"Selon un lanceur d’alerte, le FBI enquêterait sur le rôle du producteur Valerii An dans le financement du blockbuster américain.",2022-05-31 10:05:32 +0200,« Top Gun : Maverick » : soupçons d’argent russe dans le budget du film
CINEMA,"Chaque mercredi dans « La Matinale », les rédacteurs cinéma du « Monde » livrent leurs critiques des films à découvrir en salle.",2022-06-01 00:29:53 +0200,"« Compétition officielle », « Clara Sola », « La Ruche » : les films à l’affiche cette semaine"
CINEMA,Le premier long-métrage de la réalisatrice Blerta Basholli est inspiré d’une histoire vraie qui s’est déroulée en 1999 dans le village de Krushë e Madhe.,2022-06-01 12:45:11 +0200,"« La Ruche » : au Kosovo, l’âpre renaissance d’une veuve au deuil impossible"
CINEMA,"Le premier film, magnétique, de Nathalie Alvarez Mesen conte l’émancipation d’une guérisseuse dans un coin perdu en pleine nature.",2022-06-01 13:00:09 +0200,"« Clara Sola » : au Costa Rica, l’éveil enchanté d’une femme au désir"
CINEMA,"Penélope Cruz, Antonio Banderas et Oscar Martinez surprennent dans la comédie grinçante de Mariano Cohn et de Gaston Duprat.",2022-06-01 14:00:17 +0200,« Compétition officielle » : une satire du cinéma servie par un trio de stars
CINEMA,"Véritable défilement d’images, sans narration, le documentaire sort en salle le 2 juin, pour marquer l’ouverture du jubilé.",2022-06-01 18:30:10 +0200,"« Elizabeth, regard(s) singulier(s) » : l’ode à la reine, pour fêter soixante-dix ans de règne"
CINEMA,"La manifestation internationale est l’occasion de découvrir les dix films sélectionnés pour la compétition, ainsi qu’une carte blanche offerte au Chinois Yang Fudong.",2022-06-24 15:00:11 +0200,"A Montreuil, le Festival 7e Lune met en lumière de jeunes cinéastes"
CINEMA,"Le film de Vittorio De Seta, distingué par le Prix du meilleur premier film à la Mostra de Venise, en 1961, ressort en salle en version restaurée.",2022-06-24 17:08:52 +0200,"Reprise : « Bandits à Orgosolo », la spirale de la clandestinité"
CINEMA,"La cinéaste berlinoise Maria Schrader raconte l’élaboration de son film, « I’m Your Man », et sa volonté de poser la question de la possession.",2022-06-25 16:30:03 +0200,Maria Schrader : « J’ai voulu créer des images que l’on n’a pas trop l’habitude de voir »
CINEMA,Le film de Baz Luhrmann est l’occasion d’un retour sur la représentation du King au cinéma.,2022-06-26 17:00:14 +0200,Elvis Presley pris aux pièges du grand écran
CINEMA,"Dans un entretien au « Monde », l’actrice américaine, figure féministe engagée aux Etats-Unis, critique la décision « choquante » prise par les juges de la Cour d’annuler l’arrêt Roe vs Wade, qui garantissait le droit à l’avortement dans tout le pays.",2022-06-26 20:55:13 +0200,Jane Fonda : « La Cour suprême est devenue un cloaque d’extrême droite »
CINEMA,"Le chanteur-acteur signe un deuxième album, « Saxophonia ». Il évoque ses premières amours pour le tennis, jusqu’à un accident survenu à l’adolescence.",2022-06-27 18:00:28 +0200,"Benjamin Siksou : « Sur mon nouvel album, j’ai eu envie de revenir à la beauté du live »"
CINEMA,"De la colonisation à la sixième extinction, le couple de cinéastes fixe des images et récits inoubliables dans un film documentaire poétique, scintillant et impitoyable.",2022-06-27 21:00:12 +0200,"« Quand la maison brûle », sur Arte : le cinéma incandescent de Nicolas Klotz et Elisabeth Perceval"
CINEMA,"Condamnés en 2012 à quinze ans de fermeture par l’Europe pour des aides illégales à leur fonctionnement, les gigantesques studios de cinéma rouvriront leurs portes le 1er juillet, avec cinq ans d’avance.",2022-06-28 00:21:18 +0200,"A Alicante, les studios cinématographiques de la Ciudad de la Luz se rêvent en nouvel Hollywood européen"
CINEMA,"Le texte transpose, avec trois années de retard, une directive européenne sur la prestation de services de communication audiovisuelle. Mais une controverse, portant sur la définition de ce qu’est un producteur indépendant, a enflammé le débat.",2022-06-28 13:37:48 +0200,La nouvelle loi audiovisuelle met les producteurs indépendants espagnols sur le pied de guerre
CINEMA,"Chaque mercredi, les journalistes de la rubrique cinéma du « Monde » proposent aux lecteurs de « La Matinale » leurs critiques des films à découvrir en salle.",2022-06-29 00:00:49 +0200,"« Decision to Leave », « Le Bruit du dehors », « Goodnight Soldier »… Les films à l’affiche cette semaine"
CINEMA,Les deux premiers longs-métrages du cinéaste hongkongais aux ambiances mélancoliques ressortent en salle.,2022-06-29 13:00:13 +0200,"Reprises : « As Tears Go By » et « Nos années sauvages », deux fois Wong Kar-wai sur grand écran"
CINEMA,"Dans son film en deux volets, mêlant archives familiales et extraits de films, Shlomi Elkabetz tisse un portrait de sa sœur actrice, morte en 2016.",2022-06-29 13:30:11 +0200,« Cahiers noirs » : l’hommage à Ronit Elkabetz jusqu’au vertige
CINEMA,"Le troisième long-métrage de l’inclassable Américain Ted Fendt est le premier à faire l’objet, en France, d’une distribution hybride, mi-salle mi-VoD.",2022-06-29 14:00:07 +0200,« Le Bruit du dehors » : trois étudiantes sur le seuil de leur nouvelle vie
CINEMA,"En adaptant une comédie italienne à l’esprit potache, l’humoriste succombe parfois à la facilité.",2022-06-29 14:30:08 +0200,« Irréductible » : Jérôme Commandeur en fonctionnaire pas vraiment « pépère »
CINEMA,"Le deuxième long-métrage de Giordano Gederlini est un polar enlevé autour d’un conducteur de train au passé trouble, incarné par Antonio de la Torre.",2022-06-29 14:45:14 +0200,"« Entre la vie et la mort » : le long de la ligne de métro, des meurtres et des romances"
CINEMA,Polar et mélo se rencontrent dans ce nouveau film du Coréen Park Chan-wook au charme maniériste.,2022-06-29 15:00:12 +0200,« Decision to Leave » : jeu de pistes et d’amour trouble pour la veuve et le policier
CINEMA,"Le cinéaste Hiner Saleem conte une histoire d’amour aux résonances shakespeariennes, avec l’humour toujours en embuscade.",2022-06-29 15:15:13 +0200,"« Goodnight Soldier » : au Kurdistan irakien, deux amants contre vents et marées"
CINEMA,Le réalisateur Didier Barcelo construit un attelage convaincant avec une infirmière coincée dans sa voiture et un voyou.,2022-06-29 15:30:16 +0200,« En roue libre » : deux paumés en Volvo sur la diagonale du vide
CINEMA,"Après Cannes, l’ouverture du Festival d’Avignon. Alors que de nombreuses voix appellent au boycott de la culture russe, le metteur en scène est en pleine lumière. Un retour qui l’expose politiquement : son exil surprise à Berlin, ses relations avec l’oligarque Roman Abramovitch et ses positions sur la guerre en Ukraine interrogent.",2022-07-01 06:00:18 +0200,"Kirill Serebrennikov, les énigmes et les honneurs"
CINEMA,"Pour sa 36ᵉ édition, Il Cinema ritrovato met à l’honneur le maître nippon en programmant cinq de ses splendides films des années 1960, dans des versions restaurées.",2022-07-01 10:00:05 +0200,"Festival : à Bologne, le cinéaste japonais Kenji Misumi fourbit ses lames"
CINEMA,"L’acteur américain, père de l’actrice Mira Sorvino, s’était également illustré dans la série télévisée « New York, police judiciaire » où il interprétait un policier.",2022-07-26 09:16:09 +0200,"Paul Sorvino, acteur des « Affranchis » et de « Nixon », est mort"
CINEMA,"Malgré la présence de stars, Ryan Gosling, Chris Evans, et un budget colossal, le film d’action des frères Russo tient à peine les promesses d’une médiocre série B.",2022-07-26 14:49:09 +0200,"Avec « The Gray Man », Netflix sort la grosse artillerie et manque sa cible"
CINEMA,"Jusqu’à ce que Martin Scorsese lui confie de rôle de Paul Cicero dans « Les Affranchis », il était apparu des dizaines de fois à l’écran, parfois sous la direction de réalisateurs prestigieux. L’acteur américain s’est éteint, le 25 juillet, à l’âge de 83 ans.",2022-07-26 16:48:51 +0200,"L’acteur Paul Sorvino, apparu dans les « Affranchis », est mort"
CINEMA,"« Trintignant, acteur complexe » (3/6). L’acteur figure dans trois films en compétition en Cannes en 1969, dont « Ma nuit chez Maud », et remporte le prix d’interprétation pour « Z ». Ses personnages, des antihéros sur la retenue, en proie au doute, épousent les codes du renouveau du cinéma.",2022-07-26 18:00:09 +0200,"Quand Jean-Louis Trintignant s’imposait en antistar : « Z », « Ma nuit chez Maud »... "
CINEMA,"Une femme mariée dénonce une relation non consentie avec un chevalier, menant deux amis à s’affronter en duel pour un « jugement de Dieu ». Une histoire vraie revisitée en mode féministe par Ridley Scott.",2022-07-26 19:00:23 +0200,"« Le Dernier Duel », sur Canal+ Cinéma : la notion de consentement transposée au temps des chevaliers"
CINEMA,"Chaque mercredi, les journalistes de la rubrique cinéma du « Monde » proposent aux lecteurs de « La Matinale » leurs critiques des films à découvrir en salle.",2022-07-27 01:00:08 +0200,"« Destruction Babies », « Sundown », « Un été comme ça »… Les films à l’affiche cette semaine"
CINEMA,"Dans la lignée de Takeshi Kitano, le jeune réalisateur japonais renoue avec l’expression d’une violence nue à travers deux de ses longs-métrages de 2016 et 2018, pour la première fois distribués en France.",2022-07-27 10:00:05 +0200,« Destruction Babies » et « Becoming Father » : le Japon sous les coups de Tetsuya Mariko
CINEMA,"Pour le cinéma et la télévision, l’acteur aura incarné une multitude de personnages, simples ou pervers, naïfs ou sophistiqués, monstrueux ou ordinaires. Il est mort le 24 juillet, à Londres, à l’âge de 80 ans.",2022-07-27 12:20:17 +0200,"Mort du Britannique David Warner, comédien de « Titanic » et de « La Malédiction »"
CINEMA,"Inspiré de sa propre vie, le premier long-métrage de Noémie Merlant raconte de manière démonstrative le dépassement des préjugés entre deux cultures.",2022-07-27 13:00:26 +0200,"« Mi iubita, mon amour » : romance prévisible entre une Française et un jeune Gitan"
CINEMA,"En pleine campagne, une famille voit sa vie bouleversée par l’installation d’une décharge. Un film de la réalisatrice libanaise Mounia Akl qui témoigne du chaos d’un pays.",2022-07-27 15:00:04 +0200,"« Costa Brava, Lebanon », le paradis libanais perdu"
CINEMA,Quand un frère laisse sa sœur gérer les funérailles et l’héritage de leur mère… Le cinéaste mexicain Michel Franco fait de Tim Roth un antihéros en pleine dissolution.,2022-07-27 15:30:13 +0200,"Cinéma : « Sundown », une fratrie au révélateur de l’absence"
CINEMA,L’actrice italienne Jasmine Trinca puise dans les souvenirs de son enfance pour son premier film en tant que réalisatrice.,2022-07-27 16:30:06 +0200,"Cinéma : « Marcel ! », une fantaisie arty très artificielle"
CINEMA,"A travers le parcours de trois femmes, le cinéaste canadien Denis Côté explore les ressorts du désir.",2022-07-27 16:30:07 +0200,"Cinéma : « Un été comme ça », chronique subtile de l’addiction sexuelle"
CINEMA,"« Trintignant, acteur complexe » (4/6). Dans « Le Conformiste », Bernardo Bertolucci offre au comédien le rôle de sa vie : celui d’un fasciste opportuniste, un salaud froid comme il les aime. Au sommet de sa gloire, il est dévasté par la perte de sa fille Pauline, âgée de neuf mois, quelques jours après le début du tournage.",2022-07-27 18:00:12 +0200,"1970, l’année noire de Jean-Louis Trintignant"
CINEMA,"« Trintignant, acteur complexe » (5/6). Dans les années 1990, le sexagénaire se retire dans le Gard et se désintéresse de la vie d’acteur. Il finit par accepter de jouer dans le premier film du réalisateur, qui lui a façonné un rôle de crapule.",2022-07-28 18:00:21 +0200,"Jacques Audiard embarque Jean-Louis Trintignant, le retraité d’Uzès, dans « Regarde les hommes tomber »"
CINEMA,"Ces longs-métrages ont pour point commun de se dérouler dans une chaleur estivale. Comédie, romance ou action, tous les genres prennent le soleil.",2022-07-29 01:00:07 +0200,"« Les Sous-doués en vacances »,  « Swimming pool », « Point Break », « Les Randonneurs »… Un cocktail de films à siroter l’été"
CINEMA,"« Trintignant, acteur complexe » (6/6). Anéanti par la disparition de sa fille Marie, en 2003, le comédien trouve sur les planches un remède à son désespoir. En 2011, d’abord très réticent, il finit par accepter de jouer dans « Amour », de Michael Haneke, l’histoire d’un couple âgé et amoureux face à la déchéance. Son métier d’acteur, qu’il exerce jusqu’au bout de ses forces, le maintient en vie.",2022-07-29 18:00:16 +0200,"« Amour », théâtre, famille : Trintignant, les derniers souffles"
CINEMA,"« Un château de sable avec… », saison III (2/6). Chaque samedi, pendant l’été, « Le Monde » accompagne un ou une artiste à la plage. Aujourd’hui, le réalisateur de « Viens je t’emmène », sorti en mars, qui fait tomber le haut et le bas au Cap d’Agde, dans l’Hérault.",2022-07-30 17:00:07 +0200,Alain Guiraudie : « J’aime être seul au milieu des gens »
CINEMA,"Le 29 mai 1982, Romy Schneider était retrouvée morte dans son appartement parisien. Elle avait 43 ans. Un mois plus tôt sortait « La Passante du Sans-Souci », son dernier film, tourné peu après le décès accidentel de son fils. Son entourage de l’époque raconte une femme en morceaux, mais qui est restée jusqu’à la fin une actrice éprise de son métier.",2022-07-30 18:00:16 +0200,"Romy Schneider, la dernière année d’une icône"
CINEMA,"Figure des droits civiques, elle avait marqué l’histoire avec le premier baiser entre une personne blanche et une personne de couleur à la télévision américaine.",2022-08-01 00:39:07 +0200,"L’actrice Nichelle Nichols, star de la série « Star Trek », est morte"
CINEMA,"Héritier des situationnistes, l’artiste français, dont les trois premiers longs-métrages ressortent en salle, signe une œuvre alliant l’expressionnisme allemand et l’énergie punk.",2022-08-24 15:00:10 +0200,"F. J. Ossang, poète et cinéaste d’une noirceur décalée"
CINEMA,"Trois des premiers longs-métrages de F. J. Ossang retrouvent le chemin des salles, en version restaurée.",2022-08-24 15:00:10 +0200,"« L’Affaire des divisions Morituri », « Le Trésor des îles Chiennes » et « Docteur Chance » : splendeur du muet et de l’énergie punk"
CINEMA,"Le film de l’acteur et réalisateur assume sa fantaisie sur un sujet grave, les retrouvailles d’un père et de la fille qu’il avait abandonnée à sa naissance.",2022-08-24 15:30:07 +0200,"« Rumba la vie » : entre mélo et comédie, le pas de deux de Franck Dubosc"
CINEMA,La résurrection d’un monstre du siècle dernier donne un résultat inattendu et réjouissant.,2022-08-26 14:00:13 +0200,"« Prey », sur Disney+ : le grand Predator dans la prairie"
CINEMA,"Sortie de terre en 2018 pour accueillir les équipes des Trilith Studios, « usine » à superproductions Marvel et deuxième plus grand lieu de tournage des Etats-Unis, la ville nouvelle de Trilith ressemble, elle aussi, à un décor de cinéma… Une vraie fausse cité à l’ambiance irréelle.",2022-08-27 06:00:13 +0200,"« C’est l’Hollywood du Sud ! » : Trilith, l’autre ciné cité américaine"
CINEMA,"Disparue le 31 août 1997, la « princesse des cœurs » a inspiré de nombreux ouvrages et films. « La Matinale » vous en propose une sélection.",2022-08-29 00:00:11 +0200,"Six œuvres pour (re)découvrir Lady Diana, vingt-cinq ans après sa mort"
CINEMA,"Déjà primé à Cannes, « Les Pires », premier long-métrage de Lise Akoka et Romane Gueret, a obtenu le Valois de diamant.",2022-08-29 17:00:04 +0200,"Au festival Film francophone d’Angoulême, un vent de fraîcheur sur la comédie"
CINEMA,"Au Festival du film francophone d’Angoulême, la comédienne a présenté « A propos de Joan », deuxième long-métrage de Laurent Larivière, où elle interprète le rôle-titre. Dans un entretien au « Monde », elle revient sur sa rencontre avec le réalisateur et, plus largement, sur le choix des personnages qu’elle incarne.",2022-08-29 20:00:07 +0200,Isabelle Huppert : « Un film est toujours un peu un documentaire sur un acteur ou une actrice »
CINEMA,"Chaque mercredi, les journalistes de la rubrique cinéma du « Monde » proposent aux lecteurs de « La Matinale » leurs critiques des films à découvrir en salle.",2022-08-31 00:12:08 +0200,"« Flee », « Les Cinq Diables », « Avec amour et acharnement »… Les films à l’affiche cette semaine"
CINEMA,"Le chef-d’œuvre de la cinéaste tchèque Vera Chytilova, réalisé en 1966, ressort en salle en copie restaurée.",2022-08-31 12:30:14 +0200,"Reprise : dans « Les Petites Marguerites », deux femmes s’ennuient ferme et nous font hurler de joie"
CINEMA,"A travers un couple qui se déchire, la cinéaste Claire Denis explore le sentiment amoureux dans ce film qui a remporté l’Ours d’argent de la mise en scène à la Berlinale.",2022-08-31 13:00:11 +0200,« Avec amour et acharnement » : Juliette Binoche et Vincent Lindon dans les tourments de l’adultère
CINEMA,"Le cinéaste Jonas Poher Rasmussen s’est appuyé, pour son documentaire d’animation, sur le récit d’un de ses amis qui a fui, enfant, son pays pour trouver refuge au Danemark.",2022-08-31 13:30:13 +0200,« Flee » : l’épopée dessinée d’un réfugié afghan
CINEMA,Le film de Daniel Scheinert et Daniel Kwan additionne jusqu’à l’overdose les recettes du spectacle hollywoodien à succès.,2022-08-31 14:00:12 +0200,« Everything Everywhere All at Once » : une comédie familiale engloutie dans un blockbuster hypnotique
CINEMA,"Adapté de la BD éponyme de Boulet et Pénélope Bagieu, le premier long-métrage de Murielle Magellan, l’histoire d’une jeune femme qui a perdu la mémoire, installe un dispositif burlesque attachant.",2022-08-31 14:30:12 +0200,« La Page blanche » : les états d’amnésique de Sara Giraudeau
CINEMA,"Sur un thème déjà beaucoup traité au cinéma, Adil El Arbi et Bilall Fallah peinent à convaincre en tentant de mêler drame humain romance amoureuse et comédie musicale",2022-08-31 14:45:06 +0200,« Rebel » : une mise en scène stylisée de la violence islamiste
CINEMA,"Rencontre avec le duo de réalisateurs belges qui, après l’annulation par la Warner de leur long-métrage « Batgirl », présente « Rebel », une immersion dans le djihad en Syrie.",2022-08-31 15:00:05 +0200,"Adil El Arbi et Bilall Fallah, entre Hollywood et Molenbeek"
CINEMA,"Les productions, comme celle des « Cinq Diables » de Léa Mysius, ont de plus en plus recours aux effets spéciaux pour limiter l’empreinte carbone.",2022-08-31 15:15:13 +0200,"Le cinéma d’auteur « allume le feu », pour de faux"
CINEMA,"Une petite fille (Sally Dramé) dotée d’un superpouvoir parvient à revivre des souvenirs de sa mère, incarnée par Adèle Exarchopoulos.",2022-08-31 15:30:06 +0200,« Les Cinq Diables » : la machine à remonter le temps de Léa Mysius
CINEMA,Le président ukrainien a invité le monde du cinéma à ne pas oublier la guerre. Catherine Deneuve a reçu un Lion d’or d’honneur pour l’ensemble de sa carrière.,2022-09-01 05:02:12 +0200,La Mostra s’ouvre à Venise avec Volodymyr Zelensky en invité surprise
CINEMA,"L’acteur de 29 ans multiplie les comportements problématiques. De quoi mettre en péril la sortie, en 2023, de « The Flash », dont il est le héros. Le studio, qui a déjà annulé la sortie de deux films déjà tournés, se serait bien passé de ce coup de projecteur.",2022-09-01 05:30:07 +0200,"Les frasques d’Ezra Miller, un mauvais scénario pour la Warner"
CINEMA,"Un an après le succès public et la polémique liés à « Bac Nord », le réalisateur revient en salle avec « Novembre », inspiré de la traque des cerveaux des attentats du 13-Novembre. Un film travaillé par la nervosité et l’obsession de l’efficacité du cinéaste.",2022-09-25 05:45:09 +0200,"Cédric Jimenez, le cinéma dans le feu de l’action"
CINEMA,"Marvel annonce que Sabra, sa prochaine super-héroïne, sera une agente israélienne du Mossad, accentuant les polémiques déjà en cours dans le monde arabe.",2022-09-25 07:00:16 +0200,Des super-héros de Marvel contestés dans le monde arabe
CINEMA,"Ce documentaire militant de 1973, interdit et diffusé sous le manteau à l’époque, ressort en DVD.",2022-09-26 08:00:03 +0200,"« Histoires d’A.  », film de lutte pour l’avortement"
CINEMA,"Deux fois récompensé par une Palme d’or à Cannes, le prolifique réalisateur suédois dérange. Portrait d’un agitateur dont le dernier film, « Sans filtre », sort en salle cette semaine.",2022-09-27 06:00:16 +0200,"Ruben Östlund, l’art du malaise au cinéma"
CINEMA,"Films d’auteur, bijoux rétros, perles obscures… En marge des géants du secteur, des plates-formes hexagonales tentent de séduire les internautes avec une offre qui sort des sentiers battus.",2022-09-27 19:00:05 +0200,Le streaming français prend son indépendance
CINEMA,"Paul Thomas Anderson réalise un portrait elliptique du fondateur de la scientologie, avec son poids de légendes et de scandales, et deux acteurs cultes, Philip Seymour Hoffman et Joaquin Phoenix.",2022-09-27 19:30:04 +0200,"« The Master », sur Ciné+ Club : l’Amérique des années 1950, entre croyance et fiction"
CINEMA,"Chaque mercredi dans La Matinale, les journalistes cinéma du « Monde » livrent leurs critiques des films à découvrir en salle.",2022-09-28 01:04:37 +0200,"« Sans filtre », « La Cour des miracles », « Poulet frites », « Smile »… Les films à l’affiche"
CINEMA,"Face aux menaces de Disney et Netflix de retirer les films qu’ils financent des salles de cinéma, Delphine Ernotte, Gilles Pélisson et Nicolas de Tavernost, responsables de France Télévisions, TF1 et M6, réclament, dans une tribune au « Monde », l’application de l’accord organisant la chronologie de l’exploitation des films.",2022-09-28 06:00:20 +0200,"« Nous, responsables de télévisions gratuites, demandons aux pouvoirs publics de ne pas céder au diktat des plates-formes payantes »"
CINEMA,"Distingué par cinq Oscars en 1984, le premier long-métrage de James L. Brooks ressort en salle en version restaurée.",2022-09-28 10:30:04 +0200,"Reprise : « Tendres passions », une toxique emprise maternelle"
CINEMA,"Issus du monde de l’enseignement, Carine May et Hakim Zouhani évoquent, sur le mode de la comédie dramatique, les effets pervers de la carte scolaire.",2022-09-28 11:00:08 +0200,"« La Cour des miracles » : une école rêvée, lieu de tous les possibles"
CINEMA,Gina Prince-Bythewood signe une fable afroféministe sur les guerrières du royaume du Dahomey au début du XIXᵉ siècle en prenant de grandes libertés avec les faits historiques.,2022-09-28 12:00:06 +0200,« The Woman King » : les amazones perdues de Hollywood
CINEMA,"Un couple d’avocats, qui n’arrive pas à avoir de bébé, va trouver un impensable arrangement.",2022-09-28 12:30:03 +0200,« Le Sixième Enfant » : deux femmes et un couffin
CINEMA,"Palme d’or à Cannes en mai, la nouvelle satire du cinéaste suédois ouvre grand les vannes du nihilisme clinquant.",2022-09-28 13:00:07 +0200,« Sans filtre » : la lutte des classes et des genres selon le réalisateur Ruben Östlund
CINEMA,"Avec des effets simples, Parker Finn signe un film d’horreur efficace qui voit son héroïne, psychiatre, basculer dans la démence.",2022-09-28 13:15:10 +0200,« Smile » : le sourire de la mort
CINEMA,"Jean Libon, le fondateur de l’émission « Strip-tease », revient au cinéma avec un polar documentaire grinçant.",2022-09-28 13:30:06 +0200,« Poulet frites » : le fait divers cuisiné à la sauce belge
CINEMA,"A 84 ans, l’écrivaine poursuit son exploration des Etats-Unis et de leur noirceur, en écho à la violence qui a traversé sa vie. Cet automne, elle publie « Respire… », au moment où le film « Blonde » remet en lumière son livre inspiré du destin de Marilyn Monroe.",2022-09-28 18:40:41 +0200,"Joyce Carol Oates, l’Amérique au scalpel"
CINEMA,"Produit par Oprah Winfrey, le documentaire de Reginald Hudlin ne s’écarte que rarement de l’hagiographie, pour une fois méritée et passionnante.",2022-09-30 19:00:15 +0200,"« Sidney Poitier : son héritage », sur Apple TV+ : le destin exemplaire de la première star afro-américaine de Hollywood"
CINEMA,"Le méconnu « Alice, Sweet Alice », d’Alfred Sole, sorti en 1976, est un thriller psychotique sur la perversité enfantine.",2022-10-01 07:30:03 +0200,"DVD : « Alice, Sweet Alice », la folie meurtrière d’une petite fille"
CINEMA,"A la veille du congrès du Parti communiste, qui doit s’ouvrir le 16 octobre, Xi Jinping veille de près à ce que les films chinois respectent son idéologie, quitte à bloquer leur sortie en salle.",2022-10-01 11:49:05 +0200,"En Chine, la censure a toujours le dernier mot au cinéma"
CINEMA,"D’après l’historienne Sylvia Serbin, les guerrières mises en scène dans « The Woman King » ont joué un rôle notable dans les campagnes militaires du Dahomey au XIXᵉ siècle.",2022-10-01 15:25:09 +0200,« The Woman King » : « Cet héroïsme féminin noir a bien existé dans l’histoire africaine »
CINEMA,"La carrière de l’actrice très populaire, qui a quitté le cinéma précocement, a été marquée par des figures de femmes victimes de violence masculine.",2022-10-22 12:11:51 +0200,"Au festival Lumière de Lyon, les deux visages de Marlène Jobert"
CINEMA,"A 84 ans, le vieux maître polonais raconte le tournage de son film, dans lequel il se livre à travers l’histoire d’un âne.",2022-10-22 15:00:16 +0200,"Jerzy Skolimowski : « Au fil des prises, l’âne est parfait tout le temps, toujours égal à lui-même »"
CINEMA,"Un beau documentaire d’Amaury Voslion rend hommage au discret et génial couturier, dont le travail est aussi novateur qu’intemporel.",2022-10-22 18:30:21 +0200,"« Franck Sorbier, le fil de l’âme », sur TV5 Monde : le secret le mieux gardé de la haute couture"
CINEMA,"Le film de Santiago Mitre, diffusé sur Amazon Prime Video, retrace le procès de la dictature militaire à travers la figure du magistrat qui requit contre la junte.",2022-10-25 20:00:06 +0200,"« Argentina, 1985 » : le procureur, sa femme et les généraux"
CINEMA,"Chaque mercredi dans « La Matinale », les journalistes cinéma du « Monde » livrent leurs critiques des films à découvrir en salle.",2022-10-25 23:30:07 +0200,"« Bowling Saturne », « Les Aventures de Gigi la Loi », « Mon pays imaginaire »… Les films à l’affiche cette semaine"
CINEMA,"Alexandre Castagnetti a imaginé une enseignante qui libère l’initiative et les désirs des élèves, avant le retour de bâton de l’administration.",2022-10-26 12:00:07 +0200,« L’école est à nous » : la salle de classe comme lieu d’utopie
CINEMA,Sophie Levy signe un premier film déroutant où l’arrivée d’un homme dérange la vie bien réglée d’un binôme.,2022-10-26 12:30:09 +0200,« Méduse » : dans le huis clos de deux sœurs inséparables
CINEMA,"Le réalisateur chilien, installé en France depuis 1973, a filmé l’explosion sociale, en octobre 2019, contre le régime du président Sebastian Piñera.",2022-10-26 14:30:07 +0200,« Mon pays imaginaire » : Patricio Guzman capte le vent démocratique soufflant sur le Chili
CINEMA,"En suivant l’ascension d’un jeune homme à l’université Al-Azhar, Tarik Saleh décrit le pouvoir politique et ses contradictions.",2022-10-26 14:45:08 +0200,"« La Conspiration du Caire » : derrière le thriller d’espionnage, l’Egypte contemporaine"
CINEMA,La réalisatrice Patricia Mazuy explore l’origine de la pulsion meurtrière dans une tragédie qui voit deux frères se déchirer autour de l’image du père défunt.,2022-10-26 15:00:07 +0200,« Bowling Saturne » : une virée sans retour dans la noirceur des hommes
CINEMA,"Primé au festival de Locarno, le troisième long-métrage d’Alessandro Comodin nous embarque dans un fabuleux jeu d’images mentales.",2022-10-26 16:00:19 +0200,« Les Aventures de Gigi la Loi » : quand un policier se fait son cinéma
CINEMA,"Afin de réaffirmer la vitalité et la diversité du cinéma français, perturbé par l’irruption des plates-formes de vidéo à la demande, il faut réinsuffler une dynamique entrepreneuriale de création, plaide l’économiste Thomas Paris.",2022-10-28 05:30:06 +0200,Cinéma : « La question du nombre de films est fallacieuse. L’abondance d’œuvres est une nécessité »
CINEMA,"Dans le 11ᵉ arrondissement de Paris, Théo Bancilhon est le gardien d’un des derniers temples de la location de DVD. Un lieu hors du temps, riche d’un trésor de quelque 70 000 films, qui compte parmi ses fidèles des cinéphiles et des gens du cinéma.",2022-10-28 16:00:27 +0200,"JM Vidéo, la caverne d’Ali Baba du cinéma"
CINEMA,"Le cinéaste suédois entretient des relations contrariées avec le pays d’origine de son père, dont ses films sont nourris.",2022-10-29 05:30:09 +0200,"Tarik Saleh, réalisateur de « La Conspiration du Caire », tiraillé entre la Suède et l’Egypte"
CINEMA,"A l’affiche de deux films, l’actrice garde un souvenir heureux de Canal+, où elle était la Miss Météo qui osait tout. Cette grande angoissée se lance désormais dans l’écriture et la réalisation.",2022-10-29 05:45:07 +0200,Un apéro avec Doria Tillier : « Je n’ai jamais aimé la provoc »
CINEMA,"Après trois ans de silence, le réalisateur de « La Vie d’Adèle » a été chahuté au festival Cinemed de Montpellier par des féministes, auxquelles il a tenu à répondre.",2022-10-29 10:07:39 +0200,Abdellatif Kechiche reprend la parole
CINEMA,"Dans un entretien au « Monde », l’ancienne monteuse d’Agnès Varda, à laquelle la Cinémathèque française consacre une rétrospective, raconte ses premiers désirs de cinéma.",2022-10-29 14:00:15 +0200,"Patricia Mazuy, réalisatrice de « Bowling Saturne » : « Je trouvais intéressant de creuser l’idée d’un film noir, contemporain, à l’os des rapports de domination »"
CINEMA,"« Je ne serais pas arrivée là si…  » Chaque semaine, « Le Monde » interroge une personnalité sur un moment décisif de son existence. A 77 ans, l’actrice revient sur les deuils qui ont marqué son entrée dans l’âge adulte.",2022-10-30 06:00:10 +0100,La comédienne Aurore Clément : « Au fond je reste une femme seule qui regarde par la fenêtre l’obscénité du monde »
CINEMA,"Son nom est inconnu du grand public mais son travail est dans toutes les mémoires : le grand chef décorateur d’Hollywood, qui a travaillé pour Francis Ford Coppola, Arthur Penn ou Roman Polanski, fait l’objet d’une rétrospective à La Cinémathèque, du 3 au 11 novembre, à Paris, et d’un livre d’entretiens.",2022-10-31 04:00:20 +0100,"Dean Tavoularis, un monument des décors de cinéma"
CINEMA,"A travers un portrait de femme duplice, Nicolas Bedos décline, sur la côte d’Azur, le thème de la déliquescence des ultrariches.",2022-11-01 13:30:16 +0100,« Mascarade » : une savoureuse leçon d’escroquerie sentimentale
CINEMA,"Plébiscité dans son pays, ce film de super-héros aux scènes d’action démesurées a largement dépassé les cercles de fans de cinéma indien, passionnant de nombreux internautes et spectateurs en Occident.",2022-11-26 16:00:11 +0100,"Comment « RRR », film indien « généreux et débridé », a conquis le monde"
CINEMA,"La musicienne a attaché son nom à deux énormes tubes, liés à des films contant les rêves de gloire de la jeunesse américaine dans les années post-disco.",2022-11-27 05:00:06 +0100,"Mort d’Irene Cara, chanteuse de « Fame » et de « Flashdance »"
CINEMA,"Spécialiste du cinéma russe, Joël Chapron s’inquiète, dans une tribune au « Monde », du renforcement de la censure exercée par le régime de Vladimir Poutine. De nombreuses œuvres risquent de rester invisibles pendant des années.",2022-11-27 11:00:13 +0100,"Cinéma : « En Russie, la liste des films interdits ne cesse de s’allonger sans base juridique précise »"
CINEMA,"Avec la performance « Embodying Pasolini », présentée à la Fondazione Sozzani, à Paris, l’historien de la mode Olivier Saillard et la comédienne britannique Tilda Swinton ressuscitent le vestiaire des films du réalisateur italien.",2022-11-27 18:00:11 +0100,Festival d’automne : Tilda Swinton prend l’habit chez Pasolini
CINEMA,"A partir d’archives cinématographiques et télévisées nord-américaines, Valérie Jourdan revient sur la longue carrière de l’actrice.",2022-11-27 19:00:08 +0100,"« Jamie Lee Curtis, un cri de liberté à Hollywood », sur Arte : une comédienne aussi pétillante que perfectionniste"
CINEMA,"Le réalisateur inclassable, invité de la manifestation qui s’est terminée le 27 novembre, y a présenté son nouveau film, « Le Gang des Bois du Temple », inspiré par le braquage d’un prince saoudien.",2022-11-28 10:00:05 +0100,Le cinéaste Rabah Ameur-Zaïmèche électrise le festival Entrevues de Belfort
CINEMA,"Le jeune acteur qui incarne Lucas, un adolescent de 17 ans, raconte le tournage du film de Christophe Honoré.",2022-11-29 12:30:14 +0100,"Paul Kircher, acteur dans « Le Lycéen » : « La sexualité est la seule chose qui appartient vraiment au personnage »"
CINEMA,"A 21 ans, le comédien débutant est à l’affiche du dernier film du cinéaste français, en salle le 30 novembre. Pour ce rôle, il a déjà reçu en septembre la Concha d’argent de la meilleure interprétation au festival de San Sebastián.",2022-11-29 12:45:09 +0100,"Paul Kircher, le « lycéen » du réalisateur Christophe Honoré"
CINEMA,"Chaque mercredi dans « La Matinale », les journalistes cinéma du « Monde » livrent leurs critiques des films à découvrir en salle.",2022-11-30 00:30:11 +0100,"« Le Lycéen », « Days », « Fumer fait tousser », « Mes rendez-vous avec Leo »… Les sorties cinéma de la semaine"
CINEMA,"Derrière un scénario de gentils super-héros exterminateurs, le réalisateur livre son film le plus noir.",2022-11-30 11:00:11 +0100,"« Fumer fait tousser » : Quentin Dupieux, dingue et mélancolique"
CINEMA,"Dans son nouveau long-métrage, le cinéaste taïwanais raconte l’histoire tout en lenteur d’une rencontre entre deux hommes.",2022-11-30 12:00:08 +0100,"Avec « Days », Tsai Ming-liang filme le silence de l’aliénation contemporaine"
CINEMA,"Le cinéaste met en scène un adolescent confronté au décès de son père, comme un miroir de sa propre histoire.",2022-11-30 12:30:10 +0100,« Le Lycéen » : le réalisateur Christophe Honoré fait de l’éducation sentimentale un remède à la mort
CINEMA,"La réalisatrice Charlotte Colbert, également photographe et artiste plasticiennes, se sert de son film pour affûter des tableaux gothiques en négligeant son scénario.",2022-11-30 12:45:07 +0100,"« She Will » : un film d’horreur aux prétentions « art et essai », saupoudré de féminisme"
CINEMA,"Dans le nouveau film de Sophie Hyde, Emma Thompson interprète une sexagénaire qui fait appel à un escort boy pour découvrir le plaisir sexuel.",2022-11-30 13:00:10 +0100,« Mes Rendez-vous avec Leo » : pas de deux érotique dans une chambre d’hôtel
CINEMA,"En restant à hauteur d’animal, Andrea Arnold dévisage les humains avec sa caméra.",2022-11-30 14:00:18 +0100,« Cow » : la vie à travers les yeux d’une vache
CINEMA,"Dans le film de Blandine Lenoir, Laure Calamy se transforme en héroïne timide, presque effacée, se révélant au contact de l’engagement militant.",2022-11-30 15:00:13 +0100,"« Annie Colère » : avant la loi Veil de 1975, la réinvention d’une femme dans la lutte pour le droit à l’avortement"
CINEMA,"Le film de 1955 est une farce noire mexicaine où le personnage tente d’assassiner, sans succès, toutes les femmes qu’il rencontre.",2022-11-30 16:00:16 +0100,"DVD : « La Vie criminelle d’Archibald de la Cruz », héros à la triste figure de Luis Buñuel"
CINEMA,"Joan Fontaine bouleverse dans cette adaptation, en 1948, du roman de l’écrivain autrichien, qui raconte la revanche d’une femme aimée puis oubliée.",2022-11-30 19:00:07 +0100,"« Lettre d’une inconnue », sur Ciné+ Classic : Stefan Zweig magnifié par Max Ophuls"
CINEMA,"En 2002, la cinéaste Marie-Claude Treilhou réalisait ce film splendide sur un fait divers qui sème la zizanie entre quatre amies. Il ressort en salle en copie restaurée.",2022-12-01 16:00:17 +0100,"Reprise : « Un petit cas de conscience », chronique ciselée de l’embourgeoisement"
CINEMA,"L’actrice reste associée pour le grand public à des comédies populaires des années 1950 et 1960, comme la trilogie « Fantômas ». Elle est morte le 1er décembre, à l’âge de 87 ans.",2022-12-01 16:35:55 +0100,"Mylène Demongeot, actrice connue pour ses rôles dans « Fantômas » et « Les Sorcières de Salem », est morte"
